Workbook

Sheet Summary
A1: TCS Agentic OpsResolve - Test Summary
A2: All counts are formulas over the Test Catalogue sheet; update the Status column (yellow) as tests run.
A4: Level | B4: Total | C4: Pass | D4: Fail | E4: Blocked | F4: Not run | G4: Pass rate
A5: Unit | B5: =COUNTIF('Test Catalogue'!$B$2:$B$145,A5) -> 29 | C5: =COUNTIFS('Test Catalogue'!$B$2:$B$145,$A5,'Test Catalogue'!$M$2:$M$145,"Pass") -> 0 | D5: =COUNTIFS('Test Catalogue'!$B$2:$B$145,$A5,'Test Catalogue'!$M$2:$M$145,"Fail") -> 0 | E5: =COUNTIFS('Test Catalogue'!$B$2:$B$145,$A5,'Test Catalogue'!$M$2:$M$145,"Blocked") -> 0 | F5: =COUNTIFS('Test Catalogue'!$B$2:$B$145,$A5,'Test Catalogue'!$M$2:$M$145,"Not run") -> 29 | G5: =IF(B5-F5=0,"-",C5/(B5-F5)) -> -
A6: Contract | B6: =COUNTIF('Test Catalogue'!$B$2:$B$145,A6) -> 22 | C6: =COUNTIFS('Test Catalogue'!$B$2:$B$145,$A6,'Test Catalogue'!$M$2:$M$145,"Pass") -> 0 | D6: =COUNTIFS('Test Catalogue'!$B$2:$B$145,$A6,'Test Catalogue'!$M$2:$M$145,"Fail") -> 0 | E6: =COUNTIFS('Test Catalogue'!$B$2:$B$145,$A6,'Test Catalogue'!$M$2:$M$145,"Blocked") -> 0 | F6: =COUNTIFS('Test Catalogue'!$B$2:$B$145,$A6,'Test Catalogue'!$M$2:$M$145,"Not run") -> 22 | G6: =IF(B6-F6=0,"-",C6/(B6-F6)) -> -
A7: Policy | B7: =COUNTIF('Test Catalogue'!$B$2:$B$145,A7) -> 16 | C7: =COUNTIFS('Test Catalogue'!$B$2:$B$145,$A7,'Test Catalogue'!$M$2:$M$145,"Pass") -> 0 | D7: =COUNTIFS('Test Catalogue'!$B$2:$B$145,$A7,'Test Catalogue'!$M$2:$M$145,"Fail") -> 0 | E7: =COUNTIFS('Test Catalogue'!$B$2:$B$145,$A7,'Test Catalogue'!$M$2:$M$145,"Blocked") -> 0 | F7: =COUNTIFS('Test Catalogue'!$B$2:$B$145,$A7,'Test Catalogue'!$M$2:$M$145,"Not run") -> 16 | G7: =IF(B7-F7=0,"-",C7/(B7-F7)) -> -
A8: Channel | B8: =COUNTIF('Test Catalogue'!$B$2:$B$145,A8) -> 12 | C8: =COUNTIFS('Test Catalogue'!$B$2:$B$145,$A8,'Test Catalogue'!$M$2:$M$145,"Pass") -> 0 | D8: =COUNTIFS('Test Catalogue'!$B$2:$B$145,$A8,'Test Catalogue'!$M$2:$M$145,"Fail") -> 0 | E8: =COUNTIFS('Test Catalogue'!$B$2:$B$145,$A8,'Test Catalogue'!$M$2:$M$145,"Blocked") -> 0 | F8: =COUNTIFS('Test Catalogue'!$B$2:$B$145,$A8,'Test Catalogue'!$M$2:$M$145,"Not run") -> 12 | G8: =IF(B8-F8=0,"-",C8/(B8-F8)) -> -
A9: E2E | B9: =COUNTIF('Test Catalogue'!$B$2:$B$145,A9) -> 17 | C9: =COUNTIFS('Test Catalogue'!$B$2:$B$145,$A9,'Test Catalogue'!$M$2:$M$145,"Pass") -> 0 | D9: =COUNTIFS('Test Catalogue'!$B$2:$B$145,$A9,'Test Catalogue'!$M$2:$M$145,"Fail") -> 0 | E9: =COUNTIFS('Test Catalogue'!$B$2:$B$145,$A9,'Test Catalogue'!$M$2:$M$145,"Blocked") -> 0 | F9: =COUNTIFS('Test Catalogue'!$B$2:$B$145,$A9,'Test Catalogue'!$M$2:$M$145,"Not run") -> 17 | G9: =IF(B9-F9=0,"-",C9/(B9-F9)) -> -
A10: Resilience | B10: =COUNTIF('Test Catalogue'!$B$2:$B$145,A10) -> 6 | C10: =COUNTIFS('Test Catalogue'!$B$2:$B$145,$A10,'Test Catalogue'!$M$2:$M$145,"Pass") -> 0 | D10: =COUNTIFS('Test Catalogue'!$B$2:$B$145,$A10,'Test Catalogue'!$M$2:$M$145,"Fail") -> 0 | E10: =COUNTIFS('Test Catalogue'!$B$2:$B$145,$A10,'Test Catalogue'!$M$2:$M$145,"Blocked") -> 0 | F10: =COUNTIFS('Test Catalogue'!$B$2:$B$145,$A10,'Test Catalogue'!$M$2:$M$145,"Not run") -> 6 | G10: =IF(B10-F10=0,"-",C10/(B10-F10)) -> -
A11: NFR | B11: =COUNTIF('Test Catalogue'!$B$2:$B$145,A11) -> 7 | C11: =COUNTIFS('Test Catalogue'!$B$2:$B$145,$A11,'Test Catalogue'!$M$2:$M$145,"Pass") -> 0 | D11: =COUNTIFS('Test Catalogue'!$B$2:$B$145,$A11,'Test Catalogue'!$M$2:$M$145,"Fail") -> 0 | E11: =COUNTIFS('Test Catalogue'!$B$2:$B$145,$A11,'Test Catalogue'!$M$2:$M$145,"Blocked") -> 0 | F11: =COUNTIFS('Test Catalogue'!$B$2:$B$145,$A11,'Test Catalogue'!$M$2:$M$145,"Not run") -> 7 | G11: =IF(B11-F11=0,"-",C11/(B11-F11)) -> -
A12: Security | B12: =COUNTIF('Test Catalogue'!$B$2:$B$145,A12) -> 5 | C12: =COUNTIFS('Test Catalogue'!$B$2:$B$145,$A12,'Test Catalogue'!$M$2:$M$145,"Pass") -> 0 | D12: =COUNTIFS('Test Catalogue'!$B$2:$B$145,$A12,'Test Catalogue'!$M$2:$M$145,"Fail") -> 0 | E12: =COUNTIFS('Test Catalogue'!$B$2:$B$145,$A12,'Test Catalogue'!$M$2:$M$145,"Blocked") -> 0 | F12: =COUNTIFS('Test Catalogue'!$B$2:$B$145,$A12,'Test Catalogue'!$M$2:$M$145,"Not run") -> 5 | G12: =IF(B12-F12=0,"-",C12/(B12-F12)) -> -
A13: Agent eval | B13: =COUNTIF('Test Catalogue'!$B$2:$B$145,A13) -> 30 | C13: =COUNTIFS('Test Catalogue'!$B$2:$B$145,$A13,'Test Catalogue'!$M$2:$M$145,"Pass") -> 0 | D13: =COUNTIFS('Test Catalogue'!$B$2:$B$145,$A13,'Test Catalogue'!$M$2:$M$145,"Fail") -> 0 | E13: =COUNTIFS('Test Catalogue'!$B$2:$B$145,$A13,'Test Catalogue'!$M$2:$M$145,"Blocked") -> 0 | F13: =COUNTIFS('Test Catalogue'!$B$2:$B$145,$A13,'Test Catalogue'!$M$2:$M$145,"Not run") -> 30 | G13: =IF(B13-F13=0,"-",C13/(B13-F13)) -> -
A14: Total | B14: =SUM(B5:B13) -> 144 | C14: =SUM(C5:C13) -> 0 | D14: =SUM(D5:D13) -> 0 | E14: =SUM(E5:E13) -> 0 | F14: =SUM(F5:F13) -> 144 | G14: =IF(B14-F14=0,"-",C14/(B14-F14)) -> -
A16: Release gate (submission)
A17: All P1 Unit, Contract, Policy tests pass | B17: =COUNTIFS('Test Catalogue'!$K$2:$K$145,"P1",'Test Catalogue'!$B$2:$B$145,"Unit",'Test Catalogue'!$M$2:$M$145,"<>Pass")+COUNTIFS('Test Catalogue'!$K$2:$K$145,"P1",'Test Catalogue'!$B$2:$B$145,"Contract",'Test Catalogue'!$M$2:$M$145,"<>Pass")+COUNTIFS('Test Catalogue'!$K$2:$K$145,"P1",'Test Catalogue'!$B$2:$B$145,"Policy",'Test Catalogue'!$M$2:$M$145,"<>Pass")=0 -> FALSE
A18: No failed E2E tests | B18: =COUNTIFS('Test Catalogue'!$B$2:$B$145,"E2E",'Test Catalogue'!$M$2:$M$145,"Fail")=0 -> TRUE
A19: No failed Security tests | B19: =COUNTIFS('Test Catalogue'!$B$2:$B$145,"Security",'Test Catalogue'!$M$2:$M$145,"Fail")=0 -> TRUE

Sheet Test Catalogue
A1: TC ID | B1: Level | C1: Scenario | D1: Title | E1: Requirement / reference | F1: Preconditions | G1: Input artefact | H1: Steps | I1: Expected result | J1: Expected output artefact | K1: Priority | L1: Automation | M1: Status | N1: Owner | O1: Notes
A2: UT-PB-01 | B2: Unit | C2: All | D2: Postback sign/verify round trip | E2: TS 7.2.3 | F2: Python 3.12, pytest | G2: reference/opsresolve_ref | H2: python -m pytest tests/unit | I2: Test passes | J2: - | K2: P1 | L2: Automated | M2: Not run
A3: UT-PB-02 | B3: Unit | C3: All | D3: Tampered optionId rejected | E3: TS 7.2.3; TC-08 | F3: Python 3.12, pytest | G3: reference/opsresolve_ref | H3: python -m pytest tests/unit | I3: Test passes | J3: - | K3: P1 | L3: Automated | M3: Not run
A4: UT-PB-03 | B4: Unit | C4: All | D4: Expired postback rejected | E4: TS 7.2.3 | F4: Python 3.12, pytest | G4: reference/opsresolve_ref | H4: python -m pytest tests/unit | I4: Test passes | J4: - | K4: P1 | L4: Automated | M4: Not run
A5: UT-PB-04 | B5: Unit | C5: All | D5: Replayed nonce rejected | E5: TS 7.2.3; TC-07 | F5: Python 3.12, pytest | G5: reference/opsresolve_ref | H5: python -m pytest tests/unit | I5: Test passes | J5: - | K5: P1 | L5: Automated | M5: Not run
A6: UT-PB-05 | B6: Unit | C6: All | D6: Wrong key rejected | E6: SEC | F6: Python 3.12, pytest | G6: reference/opsresolve_ref | H6: python -m pytest tests/unit | I6: Test passes | J6: - | K6: P1 | L6: Automated | M6: Not run
A7: UT-PB-06 | B7: Unit | C7: All | D7: Malformed postback rejected | E7: SEC | F7: Python 3.12, pytest | G7: reference/opsresolve_ref | H7: python -m pytest tests/unit | I7: Test passes | J7: - | K7: P1 | L7: Automated | M7: Not run
A8: UT-PB-07 | B8: Unit | C8: All | D8: Pipe injection in fields rejected | E8: SEC | F8: Python 3.12, pytest | G8: reference/opsresolve_ref | H8: python -m pytest tests/unit | I8: Test passes | J8: - | K8: P1 | L8: Automated | M8: Not run
A9: UT-EN-01 | B9: Unit | C9: All | D9: Technician hard filters (skill, cert, region) | E9: TS 5.4.7 | F9: Python 3.12, pytest | G9: reference/opsresolve_ref | H9: python -m pytest tests/unit | I9: Test passes | J9: - | K9: P1 | L9: Automated | M9: Not run
A10: UT-EN-02 | B10: Unit | C10: All | D10: Technician score formula | E10: TS 5.4.7 | F10: Python 3.12, pytest | G10: reference/opsresolve_ref | H10: python -m pytest tests/unit | I10: Test passes | J10: - | K10: P1 | L10: Automated | M10: Not run
A11: UT-EN-03 | B11: Unit | C11: All | D11: Technician ranking order S1 | E11: TS 5.4.7 | F11: Python 3.12, pytest | G11: reference/opsresolve_ref | H11: python -m pytest tests/unit | I11: Test passes | J11: - | K11: P1 | L11: Automated | M11: Not run
A12: UT-EN-04 | B12: Unit | C12: All | D12: Neighbouring-region allowance (S3) | E12: HS S3 | F12: Python 3.12, pytest | G12: reference/opsresolve_ref | H12: python -m pytest tests/unit | I12: Test passes | J12: - | K12: P1 | L12: Automated | M12: Not run
A13: UT-EN-05 | B13: Unit | C13: All | D13: Risk HIGH on S1 delay (slack -55, restore-by slack -40) | E13: TS 8.5 | F13: Python 3.12, pytest | G13: reference/opsresolve_ref | H13: python -m pytest tests/unit | I13: Test passes | J13: - | K13: P1 | L13: Automated | M13: Not run
... A145: EV-30 | B145: Agent eval | C145: S2 | D145: AMBIGUOUS_REPLY: the light is kind of orange maybe | E145: TS 12.4 | F145: Eval harness | G145: tests/eval/eval_dataset.jsonl | H145: Run AgentCore Evaluations | I145: End state AWAITING_CUSTOMER; trajectory sendCustomerMessage | J145: tests/eval/thresholds.json | K145: P1 | L145: Automated | M145: Not run

Sheet Traceability
A1: Requirement | B1: Description | C1: Covered by (TC IDs)
A2: TS 7.2.3 / D-06 | B2: Signed postbacks | C2: UT-PB-01, UT-PB-02, UT-PB-03, UT-PB-04, UT-PB-05, UT-PB-06, UT-PB-07
A3: TS 8.5 | B3: Recovery risk engine | C3: UT-EN-05, UT-EN-06, UT-EN-07, UT-EN-08
A4: TS 5.4.7 | B4: Technician matching | C4: UT-EN-01, UT-EN-02, UT-EN-03, UT-EN-04
A5: TS 7.6 | B5: Channel Router | C5: UT-RT-01, UT-RT-02, UT-RT-03, UT-RT-04, UT-RT-05, UT-RT-06, UT-RT-07, UT-RT-08, UT-RT-09
A6: TS 8.2 | B6: Case state machine | C6: UT-SM-01, UT-SM-02, UT-SM-03, UT-SM-04
A7: TS 10.2 | B7: Cedar policies | C7: POL-01, POL-02, POL-03, POL-04, POL-05, POL-06, POL-07, POL-08, POL-09, POL-10, POL-11, POL-12, POL-13, POL-14, POL-15, POL-16
A8: TS 6.3 / NFR-06 | B8: Tool contracts and idempotency | C8: CT-TL-01, CT-TL-02, CT-TL-03, CT-TL-04, CT-TL-05, CT-TL-06, CT-TL-07, CT-TL-08, CT-TL-09, CT-TL-10, CT-TL-11, CT-TL-12, CT-TL-13, CT-TL-14
A9: TS 7 | B9: CDS channels | C9: CT-CH-01, CT-CH-02, CT-CH-03, CT-CH-04, CT-CH-05, CT-CH-06, CT-CH-07, CT-CH-08, CH-01, CH-02, CH-03, CH-04, CH-05, CH-06, CH-07, CH-08, CH-09, CH-10, CH-11, CH-12
A10: NFR-01..09 | B10: Non-functional targets | C10: NF-01, NF-02, NF-03, NF-04, NF-05, NF-06, NF-07
A11: TS 11.1 | B11: Security threats | C11: SC-01, SC-02, SC-03, SC-04, SC-05
A12: TS 12.4 | B12: Agent evaluation gate | C12: EV-01, EV-02, EV-03, EV-04, EV-05, EV-06, EV-07, EV-08, EV-09, EV-10, EV-11, EV-12, EV-13, EV-14, EV-15, EV-16, EV-17, EV-18, EV-19, EV-20, EV-21, EV-22, EV-23, EV-24, EV-25, EV-26, EV-27, EV-28, EV-29, EV-30
A13: Hero Scenarios S1-S3 | B13: Acceptance criteria | C13: S1-AC1, S1-AC2, S1-AC3, S1-AC4, S1-AC5, S2-AC1, S2-AC2, S2-AC3, S2-AC4, S2-AC5, S3-AC1, S3-AC2, S3-AC3, S3-AC4

Sheet Legend
A1: Field | B1: Meaning
A2: Yellow cells | B2: Edit these: Status (drop-down), Owner, Notes
A3: Level | B3: Unit, Contract, Policy, Channel, E2E, Resilience, NFR, Security, Agent eval
A4: Priority | B4: P1 = submission gate; P2 = should pass
A5: Automation | B5: Automated (CI), Semi-automated (needs registered device or console step), Manual
A6: TS x.y | B6: Section of TCS-AWSCOE-OPSR-TS-001 Technical Specification
A7: Hero Scenarios | B7: TCS-AWSCOE-OPSR-HS-001
A8: Example row | B8: UT-PB-01 | Unit | All | Postback sign/verify round trip | ... | Status: Pass
